angle_ref_in_rad,angle_measured_norm
-0.523598775598299,-1
0,0
0.523598775598299,1
